Name,Code Size,Sparsity Weight,Batch Size,Epoch,PSNR
default,100,0.005,32,0,12.6103447254
default,100,0.005,32,0,12.7244904462
default,100,0.005,32,0,12.6158202153
default,100,0.005,32,0,12.5450054829
default,100,0.005,32,0,12.8489004769
default,100,0.005,32,0,12.6326005627
default,100,0.005,32,0,12.4867710332
default,100,0.005,32,0,9.56705805027
default,100,0.005,32,0,12.5177961341
default,100,0.005,32,0,12.4768252687
